Driver,Average Speed
PER,218.23652173913044
VER,217.2908777969019
HAM,216.35213675213674
NOR,214.78209459459458
RUS,214.46921797004993
GAS,213.46911519198665
MAG,213.33668341708542
ALO,212.97171381031615
BOT,212.96523178807948
PIA,212.8831385642738
SAI,212.7587354409318
DEV,212.68272425249168
LEC,212.5976430976431
STR,212.59136212624585
OCO,212.37704918032787
HUL,212.14238410596028
TSU,211.56644518272427
ALB,211.1356209150327
SAR,210.8520325203252
ZHO,210.23706176961602
